{
  "project_info": {
    "project_number": "67701527903",
    "firebase_url": "https://petproject-90982.firebaseio.com",
    "project_id": "petproject-90982",
    "storage_bucket": "petproject-90982.appspot.com"
  },
  "client": [
    {
      "client_info": {
        "mobilesdk_app_id": "1:67701527903:android:2002ae28e886b340",
        "android_client_info": {
          "package_name": "com.pet.numwan.numwan_pet"
        }
      },
      "oauth_client": [
        {
          "client_id": "67701527903-ktnijsektdvm6k3eai3tc1k3ed843lkb.apps.googleusercontent.com",
          "client_type": 1,
          "android_info": {
            "package_name": "com.pet.numwan.numwan_pet",
            "certificate_hash": "91f86d6d83acc3196b87e33ab226b4ed06c0fa70"
          }
        }
      ],
      "api_key": [
        {
          "current_key": "AIzaSyALbF0pGJDjomZBAgr0FgPljvrVxs6g19c"
        }
      ],
      "services": {
        "appinvite_service": {
          "other_platform_oauth_client": [
            {
              "client_id": "67701527903-6pahbc0j2uo70cjhlmbgfgj5kgqief31.apps.googleusercontent.com",
              "client_type": 3
            }
          ]
        }
      }
    }
  ],
  "configuration_version": "1"
}